DROP TABLE CSETEAM51.USERPREFERENCE;
DROP TABLE CSETEAM51.USERPASSWD;
DROP TABLE CSETEAM51.USERINFO;
DROP TABLE CSETEAM51.CIRCLE;
DROP TABLE CSETEAM51.CIRCLEMEMBER;
DROP TABLE CSETEAM51.SIP;
DROP TABLE CSETEAM51.SIPMEMBER;
DROP TABLE CSETEAM51.PAGE;
DROP TABLE CSETEAM51.POST;
DROP TABLE CSETEAM51.COMMENT;
DROP TABLE CSETEAM51.MESSAGE;
DROP TABLE CSETEAM51.MSGRECIEVER;
DROP TABLE CSETEAM51.ADVT;
DROP TABLE CSETEAM51.SALE;
DROP TABLE CSETEAM51.FRIENDREQUEST;
DROP TABLE CSETEAM51.FRIEND;
DROP TABLE CSETEAM51.SIPPENDING;

CREATE TABLE CSETEAM51.PAGE(
PAGEID VARCHAR(20) NOT NULL,
PRIMARY KEY(PAGEID)
);

CREATE TABLE CSETEAM51.USERINFO(
ID  VARCHAR(20) PRIMARY KEY NOT NULL, 
FNAME VARCHAR(20) NOT NULL,
LNAME VARCHAR(20) NOT NULL,
SEX CHAR(2) NOT NULL,
EMAILID VARCHAR(40) NOT NULL,
DOB DATE NOT NULL, 
ADDRESS VARCHAR(100) NOT NULL, 
CITY VARCHAR(20) NOT NULL,
STATE VARCHAR(10) NOT NULL,
ZIPCODE VARCHAR(10) NOT NULL,
TELEPHONE VARCHAR(15) NOT NULL,
WALLID VARCHAR(20) NOT NULL,
UNIQUE (EMAILID),
FOREIGN KEY(WALLID) REFERENCES CSETEAM51.PAGE,
UNIQUE(WALLID)
);

CREATE TABLE CSETEAM51.USERPASSWD(
USERID VARCHAR(20) PRIMARY KEY NOT NULL,
PASSWD VARCHAR(30) NOT NULL,
EMAIL VARCHAR(20) NOT NULL,
UNIQUE (EMAIL),
FOREIGN	KEY (USERID) REFERENCES CSETEAM51.USERINFO(ID),
FOREIGN	KEY (EMAIL) REFERENCES CSETEAM51.USERINFO(EMAILID)
);

CREATE TABLE CSETEAM51.USERPREFERENCE(
USERID VARCHAR(20) NOT NULL,
PREFERENCE VARCHAR(15) NOT NULL,
PRIMARY KEY(USERID,PREFERENCE),
FOREIGN KEY(USERID) REFERENCES CSETEAM51.USERINFO(ID)
);

CREATE TABLE CSETEAM51.FRIENDREQUEST(
FROMUSRID VARCHAR(20) NOT NULL,
TOUSRID VARCHAR(20) NOT NULL,
PRIMARY KEY(FROMUSRID,TOUSRID),
FOREIGN KEY(FROMUSRID) REFERENCES CSETEAM51.USERINFO(ID),
FOREIGN KEY(TOUSRID) REFERENCES CSETEAM51.USERINFO(ID)
);

CREATE TABLE CSETEAM51.FRIEND(
USRID1 VARCHAR(20) NOT NULL,
USRID2 VARCHAR(20) NOT NULL,
PRIMARY KEY(USRID1,USRID2),
FOREIGN KEY(USRID1) REFERENCES CSETEAM51.USERINFO(ID),
FOREIGN KEY(USRID2) REFERENCES CSETEAM51.USERINFO(ID)
);

CREATE TABLE CSETEAM51.CIRCLE(
CIRCLEID VARCHAR(20) NOT NULL,
CIRCLENAME VARCHAR(20) NOT NULL,
OWNERID VARCHAR(20) NOT NULL,
PRIMARY KEY(CIRCLEID),
FOREIGN KEY(OWNERID) REFERENCES CSETEAM51.USERINFO(ID)
);

CREATE TABLE CSETEAM51.CIRCLEMEMBER(
CIRCLEID VARCHAR(20) NOT NULL,
MEMBERID VARCHAR(20) NOT NULL,
FOREIGN KEY(CIRCLEID) REFERENCES CSETEAM51.CIRCLE,
FOREIGN KEY(MEMBERID) REFERENCES CSETEAM51.USERINFO(ID),
PRIMARY KEY(CIRCLEID,MEMBERID)
);


CREATE TABLE CSETEAM51.SIP(
SIPID VARCHAR(20) NOT NULL,
SIPNAME VARCHAR(20) NOT NULL,
SIPPAGEID VARCHAR(20) NOT NULL,
PRIMARY KEY(SIPID),
UNIQUE(SIPNAME),
FOREIGN KEY(SIPPAGEID) REFERENCES PAGE(PAGEID),
UNIQUE(SIPPAGEID)
);


CREATE TABLE CSETEAM51.SIPMEMBER(
SIPID VARCHAR(20) NOT NULL,
MEMBERID VARCHAR(20) NOT NULL,
MODERATOR VARCHAR(1) DEFAULT 0,
PRIMARY KEY(SIPID,MEMBERID),
FOREIGN KEY(MEMBERID) REFERENCES CSETEAM51.USERINFO(ID),
FOREIGN KEY(SIPID) REFERENCES CSETEAM51.SIP
);

CREATE TABLE CSETEAM51.SIPPENDING(
SIPID VARCHAR(20) NOT NULL,
MEMBERID VARCHAR(20) NOT NULL,
MODERATOR VARCHAR(20) NOT NULL,
PRIMARY KEY(SIPID,MEMBERID,MODERATOR),
FOREIGN KEY(MEMBERID) REFERENCES CSETEAM51.USERINFO(ID),
FOREIGN KEY(SIPID) REFERENCES CSETEAM51.SIP,
FOREIGN KEY(MODERATOR) REFERENCES CSETEAM51.USERINFO(ID)
);

CREATE TABLE CSETEAM51.POST(
POSTID VARCHAR(20) NOT NULL,
POSTDATE DATE NOT NULL,
POSTTIME TIME NOT NULL,
TIMEZONE VARCHAR(10) NOT NULL,
CONTENT VARCHAR(500) NOT NULL,
AUTHOR VARCHAR(20) NOT NULL,
PAGEID VARCHAR(20) NOT NULL,
PRIMARY KEY(POSTID),
FOREIGN KEY(AUTHOR) REFERENCES CSETEAM51.USERINFO(ID),
FOREIGN KEY(PAGEID) REFERENCES CSETEAM51.PAGE
);

CREATE TABLE CSETEAM51.COMMENT(
COMMENTID VARCHAR(20) NOT NULL,
COMMENTDATE DATE NOT NULL,
COMMENTTIME TIME NOT NULL,
TIMEZONE VARCHAR(10) NOT NULL,
CONTENT VARCHAR(100) NOT NULL,
AUTHORID VARCHAR(20) NOT NULL,
POSTID VARCHAR(20) NOT NULL,
PRIMARY KEY(COMMENTID),
FOREIGN KEY(AUTHORID) REFERENCES CSETEAM51.USERINFO(ID),
FOREIGN KEY(POSTID) REFERENCES CSETEAM51.POST
);

CREATE TABLE CSETEAM51.MESSAGE(
MESGID VARCHAR(20) NOT NULL,
MESGDATE DATE NOT NULL,
SUBJECT VARCHAR(20) NOT NULL,
CONTENTS VARCHAR(200) NOT NULL,
SENDER VARCHAR(20) NOT NULL,
PRIMARY KEY(MESGID),
FOREIGN KEY(SENDER) REFERENCES CSETEAM51.USERINFO(ID)
);

CREATE TABLE CSETEAM51.MSGRECIEVER(
MESGID VARCHAR(20) NOT NULL,
RECVID VARCHAR(20) NOT NULL,
PRIMARY KEY(MESGID,RECVID),
FOREIGN KEY(MESGID) REFERENCES CSETEAM51.MESSAGE,
FOREIGN KEY(RECVID) REFERENCES CSETEAM51.USERINFO(ID)
);

CREATE TABLE CSETEAM51.ADVT (
ADVTID VARCHAR(20) NOT NULL,
TYPE VARCHAR(20) NOT NULL,
ADVTDATE DATE NOT NULL,
COMPANY VARCHAR(20) NOT NULL,
ITEMNAME VARCHAR(20) NOT NULL,
UNITPRICE FLOAT NOT NULL,
NOUNITS INTEGER NOT NULL,
PRIMARY KEY (ADVTID)
);

CREATE TABLE CSETEAM51.SALE (
TRANSID VARCHAR(20) NOT NULL,
SALEDATE DATE NOT NULL,
ADVTID VARCHAR(20) NOT NULL,
NOUNITS INTEGER NOT NULL,
USERID VARCHAR(20) NOT NULL,
PRIMARY KEY(TRANSID),
FOREIGN KEY(ADVTID) REFERENCES CSETEAM51.ADVT,
FOREIGN KEY(USERID) REFERENCES CSETEAM51.USERINFO(ID)
);

INSERT INTO CSETEAM51.PAGE VALUES ('2001');
INSERT INTO CSETEAM51.PAGE VALUES ('2002');
INSERT INTO CSETEAM51.PAGE VALUES ('2003');
INSERT INTO CSETEAM51.PAGE VALUES ('2004');
INSERT INTO CSETEAM51.PAGE VALUES ('2005');
INSERT INTO CSETEAM51.PAGE VALUES ('2006');
INSERT INTO CSETEAM51.PAGE VALUES ('2007');
INSERT INTO CSETEAM51.PAGE VALUES ('2008');



INSERT INTO USERINFO VALUES
('100100101', 'ALICE', 'MCKEENY', 'F', 'ALICE@BLAH.COM' ,'1988-10-10', 
'CHAPIN APT 2010,HEALTH DRIVE','STONY BROOK', 'NY' ,'11790', '4314649881','2001');
INSERT INTO USERINFO VALUES
('100100102', 'BOB', 'WONDERWALL', 'M', 'BOB@BLAH.COM' ,'1988-8-6', 
'21 MAJORAPT,OAK ST','NEWYORK', 'NY' ,'11700', '4314649882','2002');
INSERT INTO USERINFO VALUES
('100100103', 'ELISA', 'ROTH', 'F', 'ELISA@BLAH.COM' ,'1992-11-10', 
'43 CORVETTE APT,MAPLE ST','STONY BROOK', 'NY' ,'11790', '4314649883','2003');
INSERT INTO USERINFO VALUES
('100100104', 'KELLY', 'MCDONALD', 'F', 'KELLY@BLAH.COM' ,'1991-12-11', 
'54 EAST APT,OAK ST','NEWYORK', 'NY' ,'11700', '4314649884','2004');
INSERT INTO USERINFO VALUES
('100100105', 'WENDY', 'STANLEY', 'F', 'WENDY@BLAH.COM' ,'1992-8-8', 
'MAJORAPT,OAK ST.','STONY BROOK', 'NY' ,'11790', '4314649885','2005');
INSERT INTO USERINFO VALUES
('100100106', 'DENNIS', 'RITCHE', 'M', 'DEN@BLAH.COM' ,'1992-2-3', 
'43 CORVETTE APT, MAPLE ST','NEWYORK', 'NY' ,'11790', '4314649886','2006');

INSERT INTO USERPASSWD VALUES
('100100101','ALICE','ALICE@BLAH.COM');
INSERT INTO USERPASSWD VALUES
('100100102','BOB','BOB@BLAH.COM');
INSERT INTO USERPASSWD VALUES
('100100103','ELISA','ELISA@BLAH.COM');
INSERT INTO USERPASSWD VALUES
('100100104','KELLY','KELLY@BLAH.COM');
INSERT INTO USERPASSWD VALUES
('100100105','WENDY','WENDY@BLAH.COM');
INSERT INTO USERPASSWD VALUES
('100100106','DEN','DEN@BLAH.COM');

INSERT INTO USERPREFERENCE VALUES ('100100101','CAR');
INSERT INTO USERPREFERENCE VALUES ('100100101','LIFE');
INSERT INTO USERPREFERENCE VALUES ('100100101','INSURANCE');
INSERT INTO USERPREFERENCE VALUES ('100100102','CAR');
INSERT INTO USERPREFERENCE VALUES ('100100102','CLOTHING');
INSERT INTO USERPREFERENCE VALUES ('100100103','CLOTHING');
INSERT INTO USERPREFERENCE VALUES ('100100104','CLOTHING');
INSERT INTO USERPREFERENCE VALUES ('100100104','TOYS');
INSERT INTO USERPREFERENCE VALUES ('100100105','LIFE INSURANCE');
INSERT INTO USERPREFERENCE VALUES ('100100106','LIFE INSURANCE');


INSERT INTO CIRCLE VALUES ('8001','CSE532','100100101');
INSERT INTO CIRCLE VALUES ('8002','MY FAMILY','100100101');


INSERT INTO CIRCLEMEMBER VALUES ('8001','100100102');
INSERT INTO CIRCLEMEMBER VALUES ('8001','100100103');
INSERT INTO CIRCLEMEMBER VALUES ('8001','100100104');
INSERT INTO CIRCLEMEMBER VALUES ('8002','100100104');
INSERT INTO CIRCLEMEMBER VALUES ('8002','100100105');
INSERT INTO CIRCLEMEMBER VALUES ('8002','100100106');


INSERT INTO SIP VALUES ('1001','CSE532','2007');

INSERT INTO SIPMEMBER VALUES ('1001','100100101','1');
INSERT INTO SIPMEMBER VALUES ('1001','100100102','0');
INSERT INTO SIPMEMBER VALUES ('1001','100100103','0');

INSERT INTO CSETEAM51.POST VALUES ('20111','2012-10-10','17:00','EST','ITS SNOWING!:D','100100105','2007');
INSERT INTO CSETEAM51.POST VALUES ('20112','2012-10-11','17:00','EST','GO SEAWOLVES!!!!','100100106','2007');
INSERT INTO CSETEAM51.POST VALUES ('20113','2012-10-11','17:00','EST','HI FIRST POST ON YOU WALL','100100106','2001');


INSERT INTO CSETEAM51.COMMENT VALUES ('900001','2012-10-10','17:01','EST','ITS BEAUTIFUL! :)','100100101','20111');
INSERT INTO CSETEAM51.COMMENT VALUES ('900002','2012-10-10','17:02','EST','NATURES WHITE BLANKET :D','100100106','20111');

INSERT INTO CSETEAM51.MESSAGE VALUES ('3001','2012-10-10','CSE532','DO U HAVE ASSIGNENT 1 QUESTIONS?','100100101');
INSERT INTO CSETEAM51.MESSAGE VALUES ('3002','2012-10-10','RE: CSE532','NOPE. I THINK PATRICK HAS THEM.','100100102');
INSERT INTO CSETEAM51.MSGRECIEVER VALUES ('3001','100100102');
INSERT INTO CSETEAM51.MSGRECIEVER VALUES ('3001','100100103');
INSERT INTO CSETEAM51.MSGRECIEVER VALUES ('3002','100100101');
INSERT INTO CSETEAM51.MSGRECIEVER VALUES ('3001','100100101');
INSERT INTO CSETEAM51.MSGRECIEVER VALUES ('3002','100100102');

INSERT INTO CSETEAM51.ADVT VALUES ('33331','CAR','2012-04-10','FORD','2012-MUSTANG','22000','30');
INSERT INTO CSETEAM51.ADVT VALUES ('33332','CLOTHING','2012-04-10','GAP','SUPERMAN SHIRT','5','100');
INSERT INTO CSETEAM51.ADVT VALUES ('33333','CAR','2012-04-10','FORD','2011-MUSTANG','32000','20');

INSERT INTO CSETEAM51.SALE VALUES ('200010001','2012-04-22','33331','2','100100101');
INSERT INTO CSETEAM51.SALE VALUES ('200010002','2012-04-22','33332','2','100100101');
INSERT INTO CSETEAM51.SALE VALUES ('200010004','2012-04-22','33333','1','100100101');
INSERT INTO CSETEAM51.SALE VALUES ('200010005','2012-04-22','33331','2','100100102');

INSERT INTO FRIEND VALUES ('100100101','100100102');
INSERT INTO FRIEND VALUES ('100100101','100100103');
INSERT INTO FRIEND VALUES ('100100102','100100101');
INSERT INTO FRIEND VALUES ('100100103','100100101');

